config,engine,model,architecture,active_params,precision,hardware,gpus,rps,request_throughput,tps_output,ttft_mean_ms,ttft_p50_ms,ttft_p90_ms,ttft_p99_ms,e2el_p50_ms,e2el_p90_ms,e2el_p99_ms,tpot_p50_ms,tpot_p90_ms,gpu_util_pct,gpu_power_w,gpu_cost_hr,c_eff_per_mtok,c_naive_per_mtok,underutil_penalty
C1,vllm,meta-llama/Meta-Llama-3.1-8B-Instruct,dense,8B,float16,H100,1,100,24.28571882256359,6217.144018576279,2538.68240847591,2561.0106849999283,4492.0542558993475,5010.8574067599875,17925.223865999214,19332.44471389862,19557.05256436988,60.21258933137241,73.8485753482368,53.03030303030303,261.6906060606061,6.98,0.3118616655968817,0.3108392981653224,1.0032890546259552
C1,vllm,meta-llama/Meta-Llama-3.1-8B-Instruct,dense,8B,float16,H100,1,10,9.62673917929887,2464.4452299005106,52.797797961964534,49.35631349962932,66.50335350095703,84.49040609015356,2662.24203100046,2980.0782727003025,3231.754626320144,10.231134086276215,11.510426909803307,80.3203125,337.52335937500004,6.98,0.7867445644012796,0.3108392981653224,2.531033138489597
C1,vllm,meta-llama/Meta-Llama-3.1-8B-Instruct,dense,8B,float16,H100,1,1,0.9966661442128109,255.14653291847958,37.749553934007054,37.936572000035085,41.38396700154772,54.327825229383954,1711.0275599998204,1770.497210600115,1832.812251169853,6.562610429411471,6.7915540435291515,78.1785009861933,279.4555719921105,6.98,7.599119089375878,0.3108392981653224,24.44709898081878
C1,vllm,meta-llama/Meta-Llama-3.1-8B-Instruct,dense,8B,float16,H100,1,200,24.36559587840159,6237.592544870807,3775.7169150500267,3747.867469499397,6824.177918600618,7436.931473260429,19049.61314100001,19666.813247901155,19712.988664419663,59.803957749018615,73.4793859266624,54.36363636363637,264.82560606060616,6.98,0.3108392981653224,0.3108392981653224,1.0
C1,vllm,meta-llama/Meta-Llama-3.1-8B-Instruct,dense,8B,float16,H100,1,25,20.566758717887023,5265.090231779078,122.09472808003193,113.49224200057506,193.42629520015183,259.014732210671,7126.750633500706,9348.252734000016,9732.035982620037,27.52819694705977,36.262886536473985,62.108108108108105,289.2548648648649,6.98,0.36825368674332043,0.3108392981653224,1.1847076251840645
C1,vllm,meta-llama/Meta-Llama-3.1-8B-Instruct,dense,8B,float16,H100,1,50,23.922708674021077,6124.213420549396,466.79160422004134,417.91166700022586,785.3761809998106,994.8423808301231,15475.523430000067,18075.197928900525,18307.51788636062,59.45783937058877,70.14461359176423,54.015151515151516,263.1340909090909,6.98,0.3165939453355878,0.3108392981653224,1.0185132549334375
C1,vllm,meta-llama/Meta-Llama-3.1-8B-Instruct,dense,8B,float16,H100,1,5,4.910235258884005,1257.0202262743053,61.443954740050685,44.05545300051017,56.7654278007467,713.2500740502107,2160.124110499055,2323.335656499148,4230.308641461543,8.285712015683256,8.927593158821088,89.67256637168141,359.3603982300885,6.98,1.5424484414507642,0.3108392981653224,4.962205392158621
C2,vllm,meta-llama/Meta-Llama-3.1-8B-Instruct,dense,8B,fp8,H100,1,100,31.642875992395467,8100.57625405324,1131.7933025840211,1143.5798714992416,1952.6682946006986,2188.1592144692877,13178.758566999932,14578.816349499539,14689.332938189782,47.1294211941188,56.31616752941245,53.333333333333336,259.27722222222224,6.98,0.23935197053650817,0.23775268829139232,1.006726663141473
C2,vllm,meta-llama/Meta-Llama-3.1-8B-Instruct,dense,8B,fp8,H100,1,10,9.737871809153928,2492.8951831434056,40.778101952037105,39.406966500791896,49.935702899165335,59.01219729044897,2015.690097499828,2156.502266800635,2338.698619560855,7.739387833338268,8.29353037411327,81.91935483870968,314.3216935483871,6.98,0.7777659092926864,0.23775268829139232,3.271323301881861
C2,vllm,meta-llama/Meta-Llama-3.1-8B-Instruct,dense,8B,fp8,H100,1,1,0.9975927528660343,255.3837447337048,29.265342619975854,31.056413499754854,33.41410890043335,40.31661068005632,1234.875436499351,1274.2914319996999,1309.8182154704227,4.729541976470785,4.871202427448046,71.85068762278978,220.84269155206286,6.98,7.592060688555642,0.23775268829139232,31.932596611697313
C2,vllm,meta-llama/Meta-Llama-3.1-8B-Instruct,dense,8B,fp8,H100,1,200,31.85572696002372,8155.066101766072,2320.6668929839216,2253.4834235002563,4176.547521700378,4586.1197452602755,14264.626436500293,14937.146160399425,14989.610505101136,47.01970434313861,56.44106101568825,53.46296296296296,251.22425925925927,6.98,0.23775268829139232,0.23775268829139232,1.0
C2,vllm,meta-llama/Meta-Llama-3.1-8B-Instruct,dense,8B,fp8,H100,1,25,22.47452723923791,5753.478973244905,65.56497628201032,62.969556999632914,88.79410600056872,123.81920634921687,3602.3440104991096,4512.227461699877,4759.802020549123,13.843303537253757,17.427906797647843,66.58823529411765,287.2366176470589,6.98,0.3369941730742738,0.23775268829139232,1.4174147745545154
C2,vllm,meta-llama/Meta-Llama-3.1-8B-Instruct,dense,8B,fp8,H100,1,50,29.673024306167104,7596.294222378779,174.41432225401513,171.21550049978396,296.10174959925644,356.18132193032574,10732.249785500244,11613.510595099615,11666.305766811038,41.657280870590604,44.92532549450712,57.964285714285715,270.8103571428572,6.98,0.2552414153702601,0.23775268829139232,1.0735584829957145
C2,vllm,meta-llama/Meta-Llama-3.1-8B-Instruct,dense,8B,fp8,H100,1,5,4.936535317034144,1263.7530411607408,52.40740731603,35.10941649983579,42.82596230004856,580.3067057212118,1462.713464999979,1636.53992010004,3656.716903099768,5.603296372546716,6.273179107451071,89.34821428571429,316.4507589285714,6.98,1.5342308392057713,0.23775268829139232,6.453053592081369
C3,vllm,Qwen/Qwen3-30B-A3B-Instruct-2507,ultra_sparse_moe,3B,float16,H100,1,100,20.679154166151772,5293.863466534854,1310.967222313986,894.0596519996689,1398.5189626002466,13170.560006330306,16050.240549000591,18837.495123999906,19256.015645399875,60.778742933332836,67.32917347960941,60.11538461538461,282.6658974358975,6.98,0.3662521523544328,0.364498136793748,1.0048121386191813
C3,vllm,Qwen/Qwen3-30B-A3B-Instruct-2507,ultra_sparse_moe,3B,float16,H100,1,10,9.371661194112836,2399.145265692886,82.84024223001325,82.1212619994185,103.17282970008819,126.44241528001656,5930.2828384998065,6353.845520899632,6609.044436468703,22.88939034117314,24.677691583139467,84.76515151515152,352.097196969697,6.98,0.8081581872571303,0.364498136793748,2.2171805715276625
C3,vllm,Qwen/Qwen3-30B-A3B-Instruct-2507,ultra_sparse_moe,3B,float16,H100,1,1,0.9962025574737707,255.0278547132853,50.44428044207416,48.24719600037497,53.448523599945474,91.14954150976686,2048.2424319998245,2430.22581570076,2782.9987293800787,7.842066237254568,9.302303426276708,77.9736328125,278.719130859375,6.98,7.602655369032853,0.364498136793748,20.85787169149463
C3,vllm,Qwen/Qwen3-30B-A3B-Instruct-2507,ultra_sparse_moe,3B,float16,H100,1,200,20.778665122526714,5319.338271366839,2384.555338090009,1916.7428539994944,3524.5308456003845,15685.241115850422,16952.967856499527,21113.613295300274,21586.653915479474,60.460038137256674,67.95975255136857,48.717948717948715,249.17115384615377,6.98,0.364498136793748,0.364498136793748,1.0
C3,vllm,Qwen/Qwen3-30B-A3B-Instruct-2507,ultra_sparse_moe,3B,float16,H100,1,25,18.413886716763994,4713.954999491582,145.27908148198912,140.65258399932645,200.95095280048557,271.13773672108425,10545.285593000699,12174.36217140039,12381.739776359373,40.705549401964696,47.24879572352888,71.675,316.56587499999995,6.98,0.4113083152253268,0.364498136793748,1.1284236425550411
C3,vllm,Qwen/Qwen3-30B-A3B-Instruct-2507,ultra_sparse_moe,3B,float16,H100,1,50,20.423706332707436,5228.468821173104,1020.9784132319619,212.6253420001376,7544.860124999832,7888.154593440922,14577.752641999723,15200.649012800022,15334.795761490877,55.74318546274726,58.736410387055535,62.35897435897436,292.3442307692308,6.98,0.370833021139421,0.364498136793748,1.0173797441089738
C3,vllm,Qwen/Qwen3-30B-A3B-Instruct-2507,ultra_sparse_moe,3B,float16,H100,1,5,4.865251366261158,1245.5043497628565,62.773475575952034,59.494714000720705,84.26164039883588,103.57810592044187,3880.293004000123,4247.0458167998,4451.271187021248,14.965604168630271,16.397007550985307,90.75862068965517,363.30758620689653,6.98,1.5567098495144178,0.364498136793748,4.27083074609867
C4,vllm,Qwen/Qwen3-30B-A3B-Instruct-2507,ultra_sparse_moe,3B,fp8,H100,1,100,34.77520373997062,8902.452157432479,275.3752592959718,291.17422550007177,377.66939689918223,431.22509053904645,11594.641572500223,12565.717330699226,12615.219443880651,44.022641623529374,48.83123254548848,68.51851851851852,303.90759259259255,6.98,0.21779267718615586,0.20913399303311406,1.0414025669737526
C4,vllm,Qwen/Qwen3-30B-A3B-Instruct-2507,ultra_sparse_moe,3B,fp8,H100,1,10,9.532851577704195,2440.410003892274,64.2171600100337,56.46927300040261,86.70618550022482,108.35051661879334,3501.9491460006975,3859.3837055997938,4108.192350909358,13.483515817646476,14.870006934899862,84.3828125,316.75640625,6.98,0.7944930916511997,0.20913399303311406,3.7989667778465863
C4,vllm,Qwen/Qwen3-30B-A3B-Instruct-2507,ultra_sparse_moe,3B,fp8,H100,1,1,0.9965556509775906,255.1182466502632,44.629562656002236,46.37262899996131,50.58891419903375,77.91956945126002,1787.505252500523,1982.3633448000692,2110.741777939547,6.824801954904864,7.566869447060419,71.51866404715128,220.79652259332022,6.98,7.599961642676525,0.20913399303311406,36.340154617872926
C4,vllm,Qwen/Qwen3-30B-A3B-Instruct-2507,ultra_sparse_moe,3B,fp8,H100,1,200,36.21498644184065,9271.036529111207,1176.7246774060986,1127.2502974998133,2054.426425999918,2228.981830789853,12289.408664000803,12951.969661398834,12996.44590871003,43.75825071176366,49.38853188156345,68.92307692307692,297.7432692307693,6.98,0.20913399303311406,0.20913399303311406,1.0
C4,vllm,Qwen/Qwen3-30B-A3B-Instruct-2507,ultra_sparse_moe,3B,fp8,H100,1,25,20.62447062722582,5279.8644805698095,93.17453167400527,92.96897200056264,121.43026030007604,143.9384077901377,5772.649298000033,7391.665558100794,7588.588907301437,22.26708521176596,28.624879054901506,73.80555555555556,297.9513888888889,6.98,0.3672232300704131,0.20913399303311406,1.7559231990194313
C4,vllm,Qwen/Qwen3-30B-A3B-Instruct-2507,ultra_sparse_moe,3B,fp8,H100,1,50,28.76040458153519,7362.663572873009,143.04670217998864,135.8377134993134,208.65030100103468,264.16663981099185,10671.288629999253,11231.406853899716,11281.579072110562,41.44284988235407,43.61943386235604,70.53333333333333,300.185,6.98,0.26334068774139424,0.20913399303311406,1.2591960011957366
C4,vllm,Qwen/Qwen3-30B-A3B-Instruct-2507,ultra_sparse_moe,3B,fp8,H100,1,5,4.892959659027824,1252.5976727111229,56.15408988003037,51.25299849987641,78.89917279862857,89.6446360494883,2707.492557000478,2900.0906875999135,3099.864918411022,10.385673252940428,11.18170940744997,90.21681415929204,316.45823008849555,6.98,1.5478943727337104,0.20913399303311406,7.401447991712272
C5,vllm,mistralai/Mixtral-8x7B-Instruct-v0.1,sparse_moe,12.9B,float16,H100,2,100,17.39967162719669,4454.315936562352,4394.180958111974,4330.706872499832,7659.293211300064,8514.785893499356,25888.50435650056,27131.274008900255,27362.562691049625,84.69887428627592,101.8801310152947,83.63636363636364,347.6873863636364,13.96,0.8705663974007373,0.8705663974007373,1.0
C5,vllm,mistralai/Mixtral-8x7B-Instruct-v0.1,sparse_moe,12.9B,float16,H100,2,10,9.092058076439669,2327.566867568555,114.16835778396126,109.11285200018028,150.35389559961914,202.36010680961044,8017.842770499556,8350.49312049996,8571.71242129074,30.901898750983257,32.30487897254837,88.67142857142858,365.90299999999996,13.96,1.6660220730107826,0.8705663974007373,1.913722006713157
C5,vllm,mistralai/Mixtral-8x7B-Instruct-v0.1,sparse_moe,12.9B,float16,H100,2,1,0.9930804955331966,254.22860685649832,66.05649475196697,64.10904550102714,75.42214150071231,101.78875961037191,3611.038529000325,4258.584077300111,4583.766068780878,13.932089850983603,16.41418319765031,88.1826171875,358.78904296875,13.96,15.253113430962651,0.8705663974007373,17.520907625775695
C5,vllm,mistralai/Mixtral-8x7B-Instruct-v0.1,sparse_moe,12.9B,float16,H100,2,200,17.39378141590015,4452.8080424704385,5639.074563013968,5501.403033499628,9965.125987098872,10948.73533981914,27084.193662500184,27495.87012890097,27543.425354700394,84.89978963333152,102.05803249372633,83.80681818181819,347.68113636363637,13.96,0.8708612050624956,0.8705663974007373,1.0003386389167312
C5,vllm,mistralai/Mixtral-8x7B-Instruct-v0.1,sparse_moe,12.9B,float16,H100,2,25,15.863646488644216,4061.0935010929193,309.90691746200537,289.81850649961416,485.9265067007073,689.0410597689514,18826.158060500347,20658.665890799784,21043.848361690125,72.34524596470673,80.38113913686139,84.54255319148936,350.4358510638298,13.96,0.9548605016688713,0.8705663974007373,1.096826737764991
C5,vllm,mistralai/Mixtral-8x7B-Instruct-v0.1,sparse_moe,12.9B,float16,H100,2,50,17.28525795494872,4425.026036466872,2032.9506391959912,1964.4457479998891,3517.2300620006354,3868.8948842904574,23455.84162349951,26895.16153629993,27165.08148308956,84.33496860588467,102.44932228666943,83.72727272727273,347.33352272727274,13.96,0.8763288048072052,0.8705663974007373,1.0066191475155404
C5,vllm,mistralai/Mixtral-8x7B-Instruct-v0.1,sparse_moe,12.9B,float16,H100,2,5,4.788890838151574,1225.956054566803,97.53329042800397,84.97503399939887,109.95147730063763,568.2743160690006,5682.861024499289,6017.388064399165,6269.530737698988,21.927834017647093,23.177049393337203,93.80932203389831,377.0221186440678,13.96,3.1630642577543355,0.8705663974007373,3.6333406242169954
C6,vllm,mistralai/Mixtral-8x7B-Instruct-v0.1,sparse_moe,12.9B,fp8,H100,2,100,29.244410696280923,7486.569138247916,1565.891842703968,1571.5153649998683,2663.991009000347,2973.416126439479,14411.893279500873,15891.511090800122,16100.542726110689,50.61729049803569,60.50639431765128,75.74137931034483,318.8762068965517,13.96,0.517964598492347,0.5153782738565438,1.005018303578166
C6,vllm,mistralai/Mixtral-8x7B-Instruct-v0.1,sparse_moe,12.9B,fp8,H100,2,10,9.433120334845121,2414.878805720351,63.735100893984054,61.339756999586825,76.83808099918679,94.17987180921045,4140.254600499247,4378.1950188003975,4558.786115101229,16.000108301961838,16.903917619220366,88.9609375,359.24578125000005,13.96,1.6057856686605227,0.5153782738565438,3.115741873720302
C6,vllm,mistralai/Mixtral-8x7B-Instruct-v0.1,sparse_moe,12.9B,fp8,H100,2,1,0.9959455148184988,254.9620517935357,44.33382117396832,40.23199699986435,47.36150480093784,63.03081005109559,2026.9597280002927,2522.9745951008226,2746.42629522008,7.800544819613552,9.702347255682552,77.99212598425197,302.3029133858268,13.96,15.209235062627839,0.5153782738565438,29.510819206285262
C6,vllm,mistralai/Mixtral-8x7B-Instruct-v0.1,sparse_moe,12.9B,fp8,H100,2,200,29.391168027119416,7524.139014942571,2770.8577366079953,2725.2254465001897,4951.7943255006685,5386.953075100118,15517.524009000226,16193.892304900146,16246.329746589872,50.20601952156878,60.559773044704194,73.8103448275862,318.08258620689656,13.96,0.5153782738565438,0.5153782738565438,1.0
C6,vllm,mistralai/Mixtral-8x7B-Instruct-v0.1,sparse_moe,12.9B,fp8,H100,2,25,20.69117464123861,5296.940708157084,106.59907486998782,101.60897900095733,147.89226049906574,206.65446439983498,6640.468480500203,7848.60695959851,8068.54377043992,25.623148386273222,30.372941028629914,79.31944444444444,331.78875,13.96,0.7320787585570194,0.5153782738565438,1.4204688006712416
C6,vllm,mistralai/Mixtral-8x7B-Instruct-v0.1,sparse_moe,12.9B,fp8,H100,2,50,27.594219329158495,7064.120148264575,232.88908098596949,219.14889050094644,365.1547378996838,441.710384600392,12222.956505999719,14104.081499401036,14238.729081509937,47.149167456864596,54.80811046157161,75.45,320.7115000000001,13.96,0.5489399523775685,0.5153782738565438,1.0651204760144133
C6,vllm,mistralai/Mixtral-8x7B-Instruct-v0.1,sparse_moe,12.9B,fp8,H100,2,5,4.86908067986614,1246.4846540457318,59.31969511002899,52.86518199955026,66.30577199975961,264.67518675952283,3286.1110960002407,3483.0758038997374,3841.4938470209017,12.659169441177058,13.39068084078819,93.70796460176992,373.1700884955752,13.96,3.110971134054177,0.5153782738565438,6.036286921400415
S1,sglang,meta-llama/Meta-Llama-3.1-8B-Instruct,dense,8B,float16,H100,1,100,12.00805166771945,3074.061226936179,12527.881050617976,9556.224567999834,29610.475810699518,31348.685267420522,29578.312991499843,36874.82366719969,37339.61969461951,73.95725245098006,110.84615061686257,,,6.98,0.6307255274877264,0.6283743936186186,1.0037416131099302
S1,sglang,meta-llama/Meta-Llama-3.1-8B-Instruct,dense,8B,float16,H100,1,10,8.547664943532238,2188.202225544253,93.35023804398406,70.23368049976852,161.63965649993773,320.9835078697505,4489.992156500193,5585.50570510024,6281.249906960256,17.177274931372285,21.52579004000205,,,6.98,0.8860647641497785,0.6283743936186186,1.4100905020129781
S1,sglang,meta-llama/Meta-Llama-3.1-8B-Instruct,dense,8B,float16,H100,1,1,1.003210326085209,256.8218434778135,51.34345506801037,50.25752150004337,55.24965760005216,85.39354504010588,2767.5549730001876,2864.9176027000067,2954.903579799384,10.650090407844068,11.017182502745367,,,6.98,7.5495482106699665,0.6283743936186186,12.014410974314844
S1,sglang,meta-llama/Meta-Llama-3.1-8B-Instruct,dense,8B,float16,H100,1,200,12.006452045738516,3073.65172370906,13805.551240682023,10697.731545000352,31987.370253300833,33948.86000977997,30209.622818500065,39162.114988300076,39409.28250941004,73.78818507058895,110.56465590000074,,,6.98,0.6308095591745113,0.6283743936186186,1.0038753418035853
S1,sglang,meta-llama/Meta-Llama-3.1-8B-Instruct,dense,8B,float16,H100,1,25,12.029528976588125,3079.55941800656,5284.354171685984,2336.643983000158,16161.667955599842,16477.374908260397,23721.169845000077,29031.336799700424,30747.736525540568,73.765659782354,111.28394206588221,,,6.98,0.6295994412551253,0.6283743936186186,1.0019495505369849
S1,sglang,meta-llama/Meta-Llama-3.1-8B-Instruct,dense,8B,float16,H100,1,50,12.052981151264108,3085.5631747236116,10389.431327940023,7502.391443500073,25790.411989100267,26662.067472660456,28533.973268500176,33235.88932250014,34121.18190204983,73.98162654901849,111.86223968745074,,,6.98,0.6283743936186186,0.6283743936186186,1.0
S1,sglang,meta-llama/Meta-Llama-3.1-8B-Instruct,dense,8B,float16,H100,1,5,5.098749854039147,1305.2799626340216,61.24651356400136,54.20892099982666,89.62209069995879,125.87872988955496,3319.5753899994997,3582.56542099989,3859.286279929738,12.78527720980456,13.814231379999589,,,6.98,1.4854199439147606,0.6283743936186186,2.363909094641294
S2,sglang,meta-llama/Meta-Llama-3.1-8B-Instruct,dense,8B,fp8,H100,1,100,15.832740681972606,4053.181614584987,7933.486270878009,6112.1825334994355,22026.724076701066,22869.241210589025,23558.315150999988,26587.14323709919,27039.08451136007,64.99279216470813,92.22633430627349,,,6.98,0.47836220363577653,0.4626192832558526,1.0340299701065796
S2,sglang,meta-llama/Meta-Llama-3.1-8B-Instruct,dense,8B,fp8,H100,1,10,8.565189954201887,2192.688628275683,48.83518121603629,41.79413699966972,70.39303629971982,131.50473155992586,3343.51875450011,3647.8394474008383,3925.156992969096,12.935909723530452,14.073871983136462,,,6.98,0.8842518102598175,0.4626192832558526,1.9114028365540052
S2,sglang,meta-llama/Meta-Llama-3.1-8B-Instruct,dense,8B,fp8,H100,1,1,1.0033590158264685,256.8599080515759,38.417752800036396,37.8324840003188,42.37655920096586,59.33681466971393,2651.7208060004123,2708.1266815010167,2758.119424030083,10.245981562744133,10.466578492550802,,,6.98,7.548429428307557,0.4626192832558526,16.31672025252108
S2,sglang,meta-llama/Meta-Llama-3.1-8B-Instruct,dense,8B,fp8,H100,1,200,15.794319026830737,4043.3456708686685,9197.123866925978,7232.37867250009,24257.38045820017,25454.249405770606,24360.788651500116,29091.496335498778,29309.15731784973,65.57636478235366,92.0138084235334,,,6.98,0.47952587948592085,0.4626192832558526,1.036545377250775
S2,sglang,meta-llama/Meta-Llama-3.1-8B-Instruct,dense,8B,fp8,H100,1,25,16.371528374085358,4191.111263765852,572.4485735800517,162.6628955000342,2661.2680479995156,4413.069344929427,18217.46957650066,22100.72045619854,23271.19525068936,71.02897110196186,86.05535257490357,,,6.98,0.4626192832558526,0.4626192832558526,1.0
S2,sglang,meta-llama/Meta-Llama-3.1-8B-Instruct,dense,8B,fp8,H100,1,50,15.877738209751998,4064.7009816965115,5708.914301526044,3942.4106590004158,17823.36958669912,18138.763838549457,21704.31889199972,24278.13986189958,25142.28360142006,65.0778946627457,91.73699646745067,,,6.98,0.47700652461762194,0.4626192832558526,1.0310995280190525
S2,sglang,meta-llama/Meta-Llama-3.1-8B-Instruct,dense,8B,fp8,H100,1,5,5.103127323060804,1306.4005947035657,42.28034186999139,38.990023999758705,57.27902759972495,80.51981994967717,2971.196781499202,3087.132620100965,3182.499833859929,11.485462198038922,11.932805500393584,,,6.98,1.4841457488228107,0.4626192832558526,3.208136371613374
S3,sglang,Qwen/Qwen3-30B-A3B-Instruct-2507,ultra_sparse_moe,3B,float16,H100,1,100,8.00223924292079,2048.5732461877224,24366.351001103925,20405.81129149905,46560.73537939919,48712.38013287937,30123.261736500353,57815.174793100414,58273.27996746042,46.49936661176517,57.690190945100134,,,6.98,0.9464581715577172,0.942798053310271,1.003882186895269
S3,sglang,Qwen/Qwen3-30B-A3B-Instruct-2507,ultra_sparse_moe,3B,float16,H100,1,10,7.256558349372522,1857.6789374393657,2261.576944424011,1910.3669640007865,5072.459045698997,5997.123794700055,17595.130419999805,19903.333920300247,20486.250878789506,64.15360596078173,66.32152673568449,,,6.98,1.0437158164485967,0.942798053310271,1.107040699526258
S3,sglang,Qwen/Qwen3-30B-A3B-Instruct-2507,ultra_sparse_moe,3B,float16,H100,1,1,0.9887961806021082,253.1318222341397,105.60951690194634,97.47357850119442,112.96572869960073,313.06838104970444,10235.525385998699,10444.097316100488,10884.818871229763,39.74227208627246,40.55065658039715,,,6.98,7.659601514247672,0.942798053310271,8.12432894547665
S3,sglang,Qwen/Qwen3-30B-A3B-Instruct-2507,ultra_sparse_moe,3B,float16,H100,1,200,8.033305431242464,2056.526190398071,25478.53635400802,21432.7284459996,48693.40662559898,51065.846512570315,30536.800076499276,59835.06481079876,60083.433482949564,46.316256774508815,57.540725302353486,,,6.98,0.942798053310271,0.942798053310271,1.0
S3,sglang,Qwen/Qwen3-30B-A3B-Instruct-2507,ultra_sparse_moe,3B,float16,H100,1,25,7.9262048044219275,2029.1084299320135,17399.562588989975,13372.999227000037,33710.95442520127,34384.3983154498,27173.069321499497,45369.33686649936,47277.104686540406,47.146072801956954,58.46514223411456,,,6.98,0.9555373484668105,0.942798053310271,1.0135122204716167
S3,sglang,Qwen/Qwen3-30B-A3B-Instruct-2507,ultra_sparse_moe,3B,float16,H100,1,50,8.005139802091579,2049.315789335444,22222.58063411003,18348.91995650105,42625.51385939969,44028.11130670056,28975.104819500302,54185.764736000056,55081.158192010225,46.59762223137103,57.83074900666714,,,6.98,0.94611523464504,0.942798053310271,1.00351844313119
S3,sglang,Qwen/Qwen3-30B-A3B-Instruct-2507,ultra_sparse_moe,3B,float16,H100,1,5,4.769332196051909,1220.9490421892888,108.93499023804543,97.75714700026583,152.09658980020325,230.30676639944426,10773.875628500718,11290.569397600302,11669.75865746017,41.79729510588182,43.75452398392001,,,6.98,1.5880178630651605,0.942798053310271,1.6843669304252904
S4,sglang,Qwen/Qwen3-30B-A3B-Instruct-2507,ultra_sparse_moe,3B,fp8,H100,1,100,14.41093308237517,3689.1988690880435,9767.706119359977,5215.274947999205,18817.018423698573,19730.219133879873,17603.55737250029,31454.55241419877,31944.87645365036,52.42354518627418,64.50594824588003,,,6.98,0.5255582465707996,0.523489055941673,1.003952691284834
S4,sglang,Qwen/Qwen3-30B-A3B-Instruct-2507,ultra_sparse_moe,3B,fp8,H100,1,10,7.608893524493709,1947.8767422703895,108.28847597196727,100.52265400008764,116.89281899907655,367.29337550985275,13288.202764500056,14338.841170900196,15369.988787320199,51.7274724411775,55.81839069373054,,,6.98,0.9953858202696007,0.523489055941673,1.901445329127389
S4,sglang,Qwen/Qwen3-30B-A3B-Instruct-2507,ultra_sparse_moe,3B,fp8,H100,1,1,0.9866388045428182,252.57953396296145,111.22719572602,108.63702050028223,125.09615549988666,128.3818971499204,11462.208313500014,11724.368938301086,12073.951865710278,44.506577450980934,45.53209407764656,,,6.98,7.676349934089315,0.523489055941673,14.663821233627875
S4,sglang,Qwen/Qwen3-30B-A3B-Instruct-2507,ultra_sparse_moe,3B,fp8,H100,1,200,14.467895051976198,3703.7811333059067,10963.81549084603,6329.892090499925,21077.821948401106,22218.826190969776,17588.571088000208,32789.03675440015,33034.698271479865,52.32278683137088,63.937709925878295,,,6.98,0.523489055941673,0.523489055941673,1.0
S4,sglang,Qwen/Qwen3-30B-A3B-Instruct-2507,ultra_sparse_moe,3B,fp8,H100,1,25,13.707081709888547,3509.012917731468,3403.5451601520253,256.7010709999522,7327.2918088012375,7513.3567953203055,18106.30078899885,22789.007181400666,23986.02396126993,67.51341313137185,70.69902926902061,,,6.98,0.552545383658022,0.523489055941673,1.055505129260212
S4,sglang,Qwen/Qwen3-30B-A3B-Instruct-2507,ultra_sparse_moe,3B,fp8,H100,1,50,14.347111780714782,3672.860615862984,7635.209077636002,3119.691869000235,14954.0407442988,15105.52005731015,17637.292677500227,28921.476832900407,29795.13779870891,52.77997202352779,64.84391770902185,,,6.98,0.527896125574404,0.523489055941673,1.0084186471191903
S4,sglang,Qwen/Qwen3-30B-A3B-Instruct-2507,ultra_sparse_moe,3B,fp8,H100,1,5,4.724962521560967,1209.5904055196077,100.41849988799731,97.1181364993754,112.60238150061923,141.5640281496042,11519.556852999813,11757.095377300539,12049.64370051026,44.79107362941232,45.71147354745121,,,6.98,1.6029301158816605,0.523489055941673,3.0620126585039027
S5,sglang,mistralai/Mixtral-8x7B-Instruct-v0.1,sparse_moe,12.9B,float16,H100,2,100,4.8415928748541095,1239.447775962652,42078.45022957202,35853.357198000595,79043.85398080012,85619.6316242692,57898.1986255003,99666.19237259911,100229.55130009798,126.26453761176711,196.97073460391218,,,13.96,3.1286334551417405,3.1286334551417405,1.0
S5,sglang,mistralai/Mixtral-8x7B-Instruct-v0.1,sparse_moe,12.9B,float16,H100,2,10,4.7719798937738185,1221.6268528060975,17966.183706139967,10982.158804500614,34561.028582900144,37191.71499521018,52726.1253580009,66010.29693989949,72050.16433209837,127.89338970587957,201.88968839568963,,,13.96,3.1742735262166653,3.1286334551417405,1.0145878613552246
S5,sglang,mistralai/Mixtral-8x7B-Instruct-v0.1,sparse_moe,12.9B,float16,H100,2,1,0.9960711748502927,254.99422076167494,187.38647910005602,168.23738849961956,260.9044174996598,372.39461833034505,7084.004806500161,8006.255002600483,8468.426534270202,27.07130490195827,30.72579458823277,,,13.96,15.207316331306437,3.1286334551417405,4.860689674692966
S5,sglang,mistralai/Mixtral-8x7B-Instruct-v0.1,sparse_moe,12.9B,float16,H100,2,200,4.797829653547655,1228.2443913081997,43989.87216917595,37483.90214000028,82292.2228604988,89072.36911649971,58920.14572950211,102329.1851172984,102565.93630255913,126.4366960627419,198.8549593360764,,,13.96,3.157171166601109,3.1286334551417405,1.00912146209153
S5,sglang,mistralai/Mixtral-8x7B-Instruct-v0.1,sparse_moe,12.9B,float16,H100,2,25,4.783277261510798,1224.5189789467643,35583.25612932008,28979.483988999164,66714.77748650014,71821.77814080044,57970.46457900069,91073.67157190002,92896.97991008917,127.87978700588272,200.69818200784627,,,13.96,3.166776378683114,3.1286334551417405,1.0121915603372096
S5,sglang,mistralai/Mixtral-8x7B-Instruct-v0.1,sparse_moe,12.9B,float16,H100,2,50,4.773243106623893,1221.9502352957165,40704.696125145965,34313.29980949977,76299.5656946996,82142.15348979975,58629.00719699974,98218.42331480002,99090.317287589,127.03803603137345,199.84455904666726,,,13.96,3.1734334719771473,3.1286334551417405,1.014319356191049
S5,sglang,mistralai/Mixtral-8x7B-Instruct-v0.1,sparse_moe,12.9B,float16,H100,2,5,4.504688130121344,1153.200161311064,2659.649992831968,937.3890394999762,6430.449643199245,7787.03414963098,55411.31511799995,62251.13480639902,63372.48654797906,215.38436441764597,242.10563688941144,,,13.96,3.362623339706408,3.1286334551417405,1.0747898045327482
S6,sglang,mistralai/Mixtral-8x7B-Instruct-v0.1,sparse_moe,12.9B,fp8,H100,2,100,10.999488938753435,2815.8691683208795,12179.787219795995,10907.996020999235,31345.37362599931,33356.9122119006,33729.62168500089,40199.263208100456,40627.30760349921,87.35638855882023,129.44873792980525,92.21551724137932,378.39879310344827,13.96,1.3771157486305097,1.369513892493273,1.0055507696408958
S6,sglang,mistralai/Mixtral-8x7B-Instruct-v0.1,sparse_moe,12.9B,fp8,H100,2,10,7.975661785812934,2041.7694171681112,136.71695064726873,115.55592799959413,238.38236480005435,377.3191218407373,11340.226095999242,12918.961539599331,13411.998017219448,43.91932305098082,50.10965480784031,90.58783783783784,377.28885135135135,13.96,1.8992241460625703,1.369513892493273,1.38678706106802
S6,sglang,mistralai/Mixtral-8x7B-Instruct-v0.1,sparse_moe,12.9B,fp8,H100,2,1,0.9951743488246775,254.76463329911743,77.37218366200977,74.07184599924221,85.95027670107811,125.34999281859196,6871.502032000535,7015.1215788004265,7493.363886591778,26.66172033921469,27.187110316078947,58.39041095890411,254.85685909980432,13.96,15.221020781267177,1.369513892493273,11.11417771276237
S6,sglang,mistralai/Mixtral-8x7B-Instruct-v0.1,sparse_moe,12.9B,fp8,H100,2,200,11.04480710232236,2827.4706181945244,13455.390105816039,12066.737880999426,33469.34634259942,35651.53085313986,34367.799989999185,42528.67824639907,42792.67477071906,86.33202334314382,127.54799950901848,92.32456140350877,379.47421052631574,13.96,1.3714652781268952,1.369513892493273,1.0014248746539325
S6,sglang,mistralai/Mixtral-8x7B-Instruct-v0.1,sparse_moe,12.9B,fp8,H100,2,25,11.036685392153116,2825.3914603911976,4925.61294585202,3721.561303499584,17725.453640901105,18239.6059530401,26637.562745499963,33677.33478079972,35392.63610521957,86.7072373568661,128.4342145325511,91.87931034482759,379.0635344827587,13.96,1.3724745162360152,1.369513892493273,1.002161806286866
S6,sglang,mistralai/Mixtral-8x7B-Instruct-v0.1,sparse_moe,12.9B,fp8,H100,2,50,11.060544568020033,2831.4994094131284,9970.163492038018,8796.373965000384,27126.349703399683,28315.322003629535,31757.441004999237,35452.77002550083,36454.21022626004,86.45766920980189,128.15179138117804,92.86842105263158,380.00421052631583,13.96,1.369513892493273,1.369513892493273,1.0
S6,sglang,mistralai/Mixtral-8x7B-Instruct-v0.1,sparse_moe,12.9B,fp8,H100,2,5,4.898789311187374,1254.0900636639678,92.76991127198926,83.72247400075139,128.6832750998656,192.38274507977619,8497.454378999464,8938.766928899167,9138.843248058456,32.927526870591066,34.650462192550876,82.78508771929825,346.9717543859649,13.96,3.092104698165302,1.369513892493273,2.2578118521572357
A1,vllm,meta-llama/Meta-Llama-3.1-8B-Instruct,dense,8B,float16,A100_80GB_PCIe,1,100,11.32450009710258,2899.0720248582606,13935.353547281986,9520.95494550008,27173.639942900038,29375.635308570363,31319.570139000007,39848.56974709969,39929.69380027036,79.71859145686275,85.38067941411796,85.48387096774194,273.3569354838709,3.67,0.3516450904645207,0.35077453710770456,1.0024818031661997
A1,vllm,meta-llama/Meta-Llama-3.1-8B-Instruct,dense,8B,float16,A100_80GB_PCIe,1,10,8.934643805306766,2287.268814158532,216.21552403599617,204.03738150002937,333.27757599990946,492.31513366979925,13856.543166999927,18370.74337250033,18993.634972670112,53.41975989411759,71.04717501490138,87.60810810810811,271.59932432432436,3.67,0.44570381851662233,0.35077453710770456,1.2706276293360768
A1,vllm,meta-llama/Meta-Llama-3.1-8B-Instruct,dense,8B,float16,A100_80GB_PCIe,1,1,0.9937013228275964,254.38753864386467,71.89440647601441,71.16249649993733,76.95704700022361,110.06568843996774,3284.576045499989,3461.481321300107,3631.2716239901506,12.595182833333372,13.274867983920522,92.02868068833652,277.5371319311663,3.67,4.007446472728516,0.35077453710770456,11.424564923588049
A1,vllm,meta-llama/Meta-Llama-3.1-8B-Instruct,dense,8B,float16,A100_80GB_PCIe,1,200,11.3526052772992,2906.266950988595,15174.251961458005,10700.622680000151,29442.320888000224,31788.347563460324,32432.634866500164,41590.928070199836,41626.38558287012,79.69548404509766,85.16261734156794,85.29032258064517,268.05661290322575,3.67,0.35077453710770456,0.35077453710770456,1.0
A1,vllm,meta-llama/Meta-Llama-3.1-8B-Instruct,dense,8B,float16,A100_80GB_PCIe,1,25,11.14583970162272,2853.334963615416,6545.541222143988,1714.0409374999308,14569.293615999868,15267.116034390168,24375.844472999917,30395.65952890007,31686.845480210217,81.11159695686273,88.61731297646979,84.71428571428571,267.7425396825397,3.67,0.3572817273274927,0.35077453710770456,1.018550919554888
A1,vllm,meta-llama/Meta-Llama-3.1-8B-Instruct,dense,8B,float16,A100_80GB_PCIe,1,50,11.292318823033774,2890.833618696646,11511.444154317993,6975.2492825000445,22994.10401489995,24595.95876777012,28918.534992000103,36826.716872800076,37137.43628566016,80.04255585686259,85.88223251097963,83.85714285714286,266.9415873015872,3.67,0.3526472218432511,0.35077453710770456,1.0053387134396574
A1,vllm,meta-llama/Meta-Llama-3.1-8B-Instruct,dense,8B,float16,A100_80GB_PCIe,1,5,4.827664504196872,1235.8821130743993,92.78509367200695,84.3460569999479,121.30232319996139,165.74698498974152,4689.266387499856,5171.838961899948,5357.917782299919,17.984860701960546,19.90723890392135,92.56198347107438,276.8774380165289,3.67,0.824871914286759,0.35077453710770456,2.3515729536362664
A2,vllm,meta-llama/Meta-Llama-3.1-8B-Instruct,dense,8B,fp8,A100_80GB_PCIe,1,100,9.688541332112749,2480.2665810208637,17109.043345313992,12535.307875499711,33051.23507769976,35838.15551132005,37660.99373750012,47323.149131600076,47425.88991092953,92.96572521176559,98.47743771921516,87.43661971830986,269.8385915492958,3.67,0.4110221265106297,0.4096702939731804,1.0032998061058775
A2,vllm,meta-llama/Meta-Llama-3.1-8B-Instruct,dense,8B,fp8,A100_80GB_PCIe,1,10,8.400778206331134,2150.5992208207704,633.9700948540012,352.89678549997916,1936.357866699746,3169.2330007497912,21907.757759499873,27708.233333000044,28658.60645247939,84.63058659411878,107.05352390862912,88.60759493670886,273.32924050632903,3.67,0.4740280916010823,0.4096702939731804,1.1570965690573483
A2,vllm,meta-llama/Meta-Llama-3.1-8B-Instruct,dense,8B,fp8,A100_80GB_PCIe,1,1,0.9957322440220524,254.90745446964542,77.51736766799058,76.51863999990383,82.06689540024854,127.84284696016127,2250.1865785000064,2416.40001890014,2534.086764349986,8.518621476470763,9.16713457686188,84.2925430210325,245.72546845124282,3.67,3.9992727814315083,0.4096702939731804,9.762174217331282
A2,vllm,meta-llama/Meta-Llama-3.1-8B-Instruct,dense,8B,fp8,A100_80GB_PCIe,1,200,9.714387078763512,2486.883092163459,18304.092886613988,13665.147875500224,35262.41313870032,38196.44176918914,38708.403754000305,49074.06795819997,49121.22290968981,92.66362896470645,98.15522554823688,88.57142857142857,275.3879999999999,3.67,0.40992857591772863,0.4096702939731804,1.0006304629560598
A2,vllm,meta-llama/Meta-Llama-3.1-8B-Instruct,dense,8B,fp8,A100_80GB_PCIe,1,25,9.656121603647446,2471.967130533746,9444.860201391999,4397.975883000072,19890.937695199955,21074.00098753067,29718.500872000277,37499.81982340059,38854.212508989454,93.42761426078319,99.2079426917653,87.32394366197182,270.3402816901408,3.67,0.412402103511921,0.4096702939731804,1.0066683124916045
A2,vllm,meta-llama/Meta-Llama-3.1-8B-Instruct,dense,8B,fp8,A100_80GB_PCIe,1,50,9.7205116399575,2488.45097982912,14562.286043720003,9796.843656499732,28587.36363279959,30679.302412830202,34855.92095599986,44047.0528091998,44304.89871270933,92.61604522548892,98.19947605411774,87.32394366197182,269.29436619718314,3.67,0.4096702939731804,0.4096702939731804,1.0
A2,vllm,meta-llama/Meta-Llama-3.1-8B-Instruct,dense,8B,fp8,A100_80GB_PCIe,1,5,4.887096819099795,1251.0967856895475,97.8994846179994,84.81547849987692,135.38871680038937,199.81566333969565,3213.5557040001004,3684.4638625995685,3947.6612324698453,12.199323684313534,13.968964007058009,92.76859504132231,280.822561983471,3.67,0.8148405911558418,0.4096702939731804,1.9890155648170733
A3,vllm,Qwen/Qwen3-30B-A3B-Instruct-2507,ultra_sparse_moe,3B,float16,A100_80GB_PCIe,1,100,8.011281881813769,2050.888161744325,16816.752056156085,8123.814544998822,44002.86389150025,48467.16891252028,46494.938395000645,56555.54518419941,57480.56579619937,88.17357954313218,113.42860625960994,89.28571428571429,277.34488095238095,3.67,0.4970746155057938,0.4921760622823957,1.009952847362551
A3,vllm,Qwen/Qwen3-30B-A3B-Instruct-2507,ultra_sparse_moe,3B,float16,A100_80GB_PCIe,1,10,7.3460836352689665,1880.5974106288554,2941.705504406,447.0646264999232,7573.3767410994915,8223.694857510327,27128.376655001375,30136.6852844998,31967.441923510232,94.07271397646814,115.25794700274655,89.52325581395348,274.00500000000005,3.67,0.5420854238566409,0.4921760622823957,1.1014055038410397
A3,vllm,Qwen/Qwen3-30B-A3B-Instruct-2507,ultra_sparse_moe,3B,float16,A100_80GB_PCIe,1,1,0.9922210785878247,254.00859611848313,84.4394304959751,83.09859800101549,104.66320180094047,133.63752331930294,4223.98711400092,5143.747507599985,6127.190755709926,16.22033082745189,19.862937540389854,91.15900383141762,237.7608045977011,3.67,4.013424978613406,0.4921760622823957,8.154449771493812
A3,vllm,Qwen/Qwen3-30B-A3B-Instruct-2507,ultra_sparse_moe,3B,float16,A100_80GB_PCIe,1,200,7.990065116471626,2045.4566698167362,18126.786278583982,9229.684949500552,46398.18616899977,51052.94314486056,47752.010004499425,59091.90235750048,60075.49364038885,88.44478242156708,113.43844513411553,88.0952380952381,272.90500000000003,3.67,0.4983945441072492,0.4921760622823957,1.0126346693823673
A3,vllm,Qwen/Qwen3-30B-A3B-Instruct-2507,ultra_sparse_moe,3B,float16,A100_80GB_PCIe,1,25,7.911487680781143,2025.3408462799725,10122.016996000028,1291.3729825004339,18312.02859860059,35181.72285466894,39117.44550599997,43226.12598879896,44627.01824418988,95.1727197058847,112.72276262784243,88.5679012345679,275.6397530864198,3.67,0.5033446327401633,0.4921760622823957,1.0226922260419877
A3,vllm,Qwen/Qwen3-30B-A3B-Instruct-2507,ultra_sparse_moe,3B,float16,A100_80GB_PCIe,1,50,8.091016947561831,2071.300338575829,14362.660697961957,5445.324782000171,39764.31321779985,43575.651679339644,43957.830056499006,51758.48590110018,52396.86392302968,88.53710772156917,113.03440119607868,87.96385542168674,274.17638554216865,3.67,0.4921760622823957,0.4921760622823957,1.0
A3,vllm,Qwen/Qwen3-30B-A3B-Instruct-2507,ultra_sparse_moe,3B,float16,A100_80GB_PCIe,1,5,4.72272650780122,1209.0179859971124,146.044313569957,141.0963325006378,180.30561179912183,216.42511266001745,10167.24344999966,10866.74227229978,11120.921142119714,39.34707521372426,41.97845637097748,92.85714285714286,279.5170634920635,3.67,0.8432003959012065,0.4921760622823957,1.7132088708073
A4,vllm,Qwen/Qwen3-30B-A3B-Instruct-2507,ultra_sparse_moe,3B,fp8,A100_80GB_PCIe,1,100,11.189004282168483,2864.3850962351316,12921.590420133976,8047.20689000078,25978.40520460104,28066.233180649706,30044.095477499468,40010.4476232993,40087.07620033942,79.3213254529452,86.25925268666512,85.81538461538462,269.2307692307692,3.67,0.3559034173807056,0.35563280595645264,1.0007609293060722
A4,vllm,Qwen/Qwen3-30B-A3B-Instruct-2507,ultra_sparse_moe,3B,fp8,A100_80GB_PCIe,1,10,8.185943395521043,2095.601509253387,537.8156386980227,300.4663144993174,1564.8401948006724,2987.9315642602887,21605.177057999754,27575.508159399033,28468.29849461006,83.40771103333586,106.63081256902146,88.60759493670886,272.57556962025313,3.67,0.48646865348348034,0.35563280595645264,1.36789588962456
A4,vllm,Qwen/Qwen3-30B-A3B-Instruct-2507,ultra_sparse_moe,3B,fp8,A100_80GB_PCIe,1,1,0.9942921257989916,254.53878420454186,69.68079814000157,67.3353854999732,79.70464980026011,116.91341289144475,2982.485517499299,3488.1768839006327,3774.5159222303846,11.414461627450068,13.388838047841073,88.8131021194605,193.02391136801543,3.67,4.005065269838175,0.35563280595645264,11.26179925686776
A4,vllm,Qwen/Qwen3-30B-A3B-Instruct-2507,ultra_sparse_moe,3B,fp8,A100_80GB_PCIe,1,200,11.197518323432552,2866.5646907987334,14182.889480116166,9223.070778500187,28309.078567199685,30551.04799837067,31215.96508949915,42142.56456139847,42159.982971520876,79.34197387254316,86.24337001725364,86.15384615384616,265.65430769230767,3.67,0.35563280595645264,0.35563280595645264,1.0
A4,vllm,Qwen/Qwen3-30B-A3B-Instruct-2507,ultra_sparse_moe,3B,fp8,A100_80GB_PCIe,1,25,10.386626435611866,2658.9763675166378,6961.612549370009,1288.941050000176,16232.525181600615,16956.921685279904,26331.89937050065,32933.26213429955,33782.21793966859,85.99854925882133,97.89869737411708,85.95454545454545,271.93909090909096,3.67,0.38339733173204504,0.35563280595645264,1.0780707665619358
A4,vllm,Qwen/Qwen3-30B-A3B-Instruct-2507,ultra_sparse_moe,3B,fp8,A100_80GB_PCIe,1,50,11.140626694830996,2852.000433876735,10578.128800510047,5437.0967260001635,21892.608436500268,23292.03887700929,27716.196601500997,37052.227063601094,37267.19279021898,79.98681002549097,87.25381917921956,84.61538461538461,265.22153846153844,3.67,0.35744890931124784,0.35563280595645264,1.005106681173327
A4,vllm,Qwen/Qwen3-30B-A3B-Instruct-2507,ultra_sparse_moe,3B,fp8,A100_80GB_PCIe,1,5,4.78787513194325,1225.696033777472,106.54837185801807,103.75122500045109,128.8155253007062,163.68034286984764,6324.6998864997295,6865.6520709995675,7011.2943561392785,24.41901074901883,26.493768087056395,92.6829268292683,278.60268292682923,3.67,0.8317269668423574,0.35563280595645264,2.3387239672827107
AS1,sglang,meta-llama/Meta-Llama-3.1-8B-Instruct,dense,8B,float16,A100_80GB_PCIe,1,100,7.04339431559774,1803.1089447930215,26185.293288239955,19721.530581500247,48558.34657360038,52125.33660424,36081.93175100041,67770.90519579951,68250.30629907956,95.2855664313735,130.1165499956854,98.62068965517241,296.0555172413793,3.67,0.5653815025367013,0.5651145916400441,1.0004723128735404
AS1,sglang,meta-llama/Meta-Llama-3.1-8B-Instruct,dense,8B,float16,A100_80GB_PCIe,1,10,6.719994608702067,1720.3186198277292,3379.181309939989,1074.7110470001644,7456.862086700313,8682.716797999838,34766.66361999969,37040.705320100096,40503.36924522951,128.4207603274487,141.2392421592167,98.68131868131869,297.891978021978,3.67,0.5925904845153221,0.5651145916400441,1.0486200379210509
AS1,sglang,meta-llama/Meta-Llama-3.1-8B-Instruct,dense,8B,float16,A100_80GB_PCIe,1,1,1.0021636547849575,256.5538956249491,122.21784741998454,118.12142949975168,127.90432769988915,206.58584186933692,3457.067200999518,3829.8204042999714,4284.812009950419,13.083023694119166,14.541806918431593,84.08629441624366,261.06759729272414,3.67,3.9736073465621797,0.5651145916400441,7.031507247105756
AS1,sglang,meta-llama/Meta-Llama-3.1-8B-Instruct,dense,8B,float16,A100_80GB_PCIe,1,200,7.03632459311867,1801.2990958383796,27500.35359522201,20920.25353100007,51071.84753489964,54713.198730480304,36204.099024500014,69320.85090390054,69556.91591213002,95.31523516470591,129.95535891764817,98.64367816091954,298.0357471264368,3.67,0.5659495676202313,0.5651145916400441,1.0014775339241622
AS1,sglang,meta-llama/Meta-Llama-3.1-8B-Instruct,dense,8B,float16,A100_80GB_PCIe,1,25,7.046721001406418,1803.960576360043,18955.436946775993,12320.854195000265,35171.522838600504,37266.648904219874,36004.02872299992,58896.293966400575,60539.47049110073,95.17570715097997,129.87522117098243,98.65517241379311,296.5414942528735,3.67,0.5651145916400441,0.5651145916400441,1.0
AS1,sglang,meta-llama/Meta-Llama-3.1-8B-Instruct,dense,8B,float16,A100_80GB_PCIe,1,50,7.039818101706206,1802.1934340367886,24081.375283157973,17670.851040500565,44719.98234599996,47617.157817589985,36108.42931300022,65170.410849899876,66016.96678032074,95.17921598431428,129.80745081647055,98.63218390804597,297.72367816091963,3.67,0.5656687152393843,0.5651145916400441,1.0009805508609009
AS1,sglang,meta-llama/Meta-Llama-3.1-8B-Instruct,dense,8B,float16,A100_80GB_PCIe,1,5,5.01416423023655,1283.6260429405568,194.62477475201376,167.41881799998737,308.62454820016865,481.6306279702711,11206.386569000188,13727.5180696005,14840.342010389431,43.3583998901953,53.20040596078495,98.78448275862068,293.8545689655172,3.67,0.7941911509594182,0.5651145916400441,1.4053630231959873
M1,vllm,mistralai/Mixtral-8x7B-Instruct-v0.1,sparse_moe,12.9B,float16,A100_80GB_PCIe,2,100,9.160847279488216,2345.1769035489833,17511.732211461996,11903.95292150015,33517.55452839966,36013.9109492202,37895.47454350009,49622.79636699991,49667.508742430095,98.47030791568649,101.82121287450957,44.11184210526316,168.25957236842106,7.34,0.8693966266695766,0.8688492008520827,1.0006300584922643
M1,vllm,mistralai/Mixtral-8x7B-Instruct-v0.1,sparse_moe,12.9B,float16,A100_80GB_PCIe,2,10,7.71150110699387,1974.1442833904307,1510.1399112319996,490.5701999998655,4019.1492793002003,4613.433986900149,25882.381844000065,29115.829516000256,29472.262790129877,99.4803717803921,112.32580158000054,44.92732558139535,169.493488372093,7.34,1.0327962885201403,0.8688492008520827,1.1886945254795356
M1,vllm,mistralai/Mixtral-8x7B-Instruct-v0.1,sparse_moe,12.9B,float16,A100_80GB_PCIe,2,1,0.986758852279217,252.61026618347955,132.6358220139923,123.56218500008254,154.9796447998688,228.81863634996293,7675.7171239999025,8337.699186600048,8743.051478770001,29.569233264705606,32.101006263529584,48.210348162475825,174.58872340425532,7.34,8.071282769671654,0.8688492008520827,9.289624438574757
M1,vllm,mistralai/Mixtral-8x7B-Instruct-v0.1,sparse_moe,12.9B,float16,A100_80GB_PCIe,2,200,9.166619149112991,2346.6545021729257,18752.64194143401,13107.183382999892,35843.12696159986,38520.76045013999,39088.32571800008,51875.95364050026,52029.85319386008,98.41009852549071,101.81809545411603,44.44407894736842,168.6633552631579,7.34,0.8688492008520827,0.8688492008520827,1.0
M1,vllm,mistralai/Mixtral-8x7B-Instruct-v0.1,sparse_moe,12.9B,float16,A100_80GB_PCIe,2,25,9.149736461077632,2342.332534035874,9811.376092774004,3831.6389409999374,20248.70900440001,21185.22911291026,29867.842974500036,39488.34099749988,40757.32923697991,98.67549883529404,102.06416892313695,44.56578947368421,168.55677631578948,7.34,0.8704523628743067,0.8688492008520827,1.0018451556618246
M1,vllm,mistralai/Mixtral-8x7B-Instruct-v0.1,sparse_moe,12.9B,float16,A100_80GB_PCIe,2,50,9.157961796983336,2344.438220027734,15061.704136900018,9341.520736499888,29251.203000400168,31127.844997419797,35355.149703999814,46371.54916130021,46512.224843669836,98.51319728235305,101.92644866862811,43.97402597402598,167.28905844155844,7.34,0.8696705553899258,0.8688492008520827,1.0009453361262663
M1,vllm,mistralai/Mixtral-8x7B-Instruct-v0.1,sparse_moe,12.9B,float16,A100_80GB_PCIe,2,5,4.620004176040236,1182.7210690663005,187.20918288999565,170.92707500023607,243.44571480010018,667.7301808900705,11923.09633700006,13275.805060399989,13722.950112930008,46.07649098627417,51.18390370313831,46.51550387596899,171.61906976744186,7.34,1.723896650034729,0.8688492008520827,1.9841149054911933
M2,sglang,mistralai/Mixtral-8x7B-Instruct-v0.1,sparse_moe,12.9B,float16,A100_80GB_PCIe,2,100,2.5275190910946073,647.0448873202195,87417.04406881801,89340.23427549982,163058.83635500068,175954.5942465113,140181.4687390015,193287.27693099863,193748.78743428038,160.3477175196067,246.98573699685963,49.76059322033898,176.7456355932203,7.34,3.1510779682273453,3.150535620198926,1.0001721447061072
M2,sglang,mistralai/Mixtral-8x7B-Instruct-v0.1,sparse_moe,12.9B,float16,A100_80GB_PCIe,2,10,2.5269567224016627,646.9009209348256,62391.89801035606,63832.759855500626,117509.0193534972,126253.38000465897,109039.44419250001,150893.75615220235,155740.6345138911,159.17337671177364,248.49763947726353,49.76165254237288,176.98485169491525,7.34,3.1517792337388006,3.150535620198926,1.000394730829863
M2,sglang,mistralai/Mixtral-8x7B-Instruct-v0.1,sparse_moe,12.9B,float16,A100_80GB_PCIe,2,1,0.9943815177059766,254.56166853273,390.7353052540275,341.31749700009095,555.4803590994198,779.2812260190657,15784.125798999412,18100.674427700687,19901.394719180134,60.250690603924355,69.49917955372203,43.91942148760331,164.6410743801653,7.34,8.009410453038184,3.150535620198926,2.5422377076734866
M2,sglang,mistralai/Mixtral-8x7B-Instruct-v0.1,sparse_moe,12.9B,float16,A100_80GB_PCIe,2,200,2.527199007560313,646.9629459354401,88681.7002993899,90489.30292499972,165463.55579470293,178503.75626271256,141712.69147150088,195487.58723089923,195744.48133454152,160.16193527646857,247.18358331764807,49.76271186440678,176.6675847457627,7.34,3.151477069433816,3.150535620198926,1.0002988219618447
M2,sglang,mistralai/Mixtral-8x7B-Instruct-v0.1,sparse_moe,12.9B,float16,A100_80GB_PCIe,2,25,2.5279541901257243,647.1562726721854,80148.421985968,82013.30595649961,149662.56383060027,161071.93215964772,131455.22948500182,180800.39409409947,182637.54732777027,160.16357473333,246.89473513411085,49.76059322033898,176.7578813559322,7.34,3.150535620198926,3.150535620198926,1.0
M2,sglang,mistralai/Mixtral-8x7B-Instruct-v0.1,sparse_moe,12.9B,float16,A100_80GB_PCIe,2,50,2.5272771825525235,646.982958733446,85234.28113481603,87265.7099805001,159167.15234229996,171281.42980232308,137645.71700450144,189785.81915850082,190685.8028462285,159.1386588882397,247.30015850548185,49.76059322033898,176.6814618644068,7.34,3.151379586380886,3.150535620198926,1.0002678802221912
M2,sglang,mistralai/Mixtral-8x7B-Instruct-v0.1,sparse_moe,12.9B,float16,A100_80GB_PCIe,2,5,2.5241095467493198,646.1720439678259,42791.458414632034,45729.44823649959,82316.94701460001,87454.36053105077,86978.19595799956,117718.70328419992,127009.03243664022,160.22096600392223,250.9101272760795,49.75423728813559,176.70841101694916,7.34,3.1553344158454633,3.150535620198926,1.0015231681926624
M3,vllm,mistralai/Mixtral-8x7B-Instruct-v0.1,sparse_moe,12.9B,float16,A100_80GB_PCIe,4,100,12.226280803787471,3129.9278857695926,12919.774330769884,9084.639018001326,24533.891543501526,26404.739686107783,28428.9552654991,36402.44916779957,36458.80762264136,74.0777519882292,75.80435035254506,84.00416666666666,268.49954166666663,14.68,1.302834418747359,1.3016069032388395,1.000943076980819
M3,vllm,mistralai/Mixtral-8x7B-Instruct-v0.1,sparse_moe,12.9B,float16,A100_80GB_PCIe,4,10,8.87838228973254,2272.8658661715303,192.14049810195138,177.480395497696,280.7804502997897,422.8256075777608,13306.968489501742,14326.597118100108,14875.198355292741,51.38563858824508,55.37562154000197,86.99333333333334,272.6481,14.68,1.7941128152214647,1.3016069032388395,1.3783829901002396
M3,vllm,mistralai/Mixtral-8x7B-Instruct-v0.1,sparse_moe,12.9B,float16,A100_80GB_PCIe,4,1,0.992574743850689,254.09913442577638,90.79337229802331,84.62185299867997,97.72053590058931,159.67073916162917,4083.45704400017,4657.775788399522,4988.031769720401,15.653480633323746,17.883293684319465,90.68003913894324,269.94737769080234,14.68,16.04797980517685,1.3016069032388395,12.329359782315255
M3,vllm,mistralai/Mixtral-8x7B-Instruct-v0.1,sparse_moe,12.9B,float16,A100_80GB_PCIe,4,200,12.237811127774552,3132.8796487102854,14169.073565567924,10243.47613449936,26843.648310500434,28867.374640719936,29579.058164499656,38336.77138439889,38354.87897625979,74.04090446470232,75.7913937796091,84.14166666666667,266.00670833333334,14.68,1.3016069032388395,1.3016069032388395,1.0
M3,vllm,mistralai/Mixtral-8x7B-Instruct-v0.1,sparse_moe,12.9B,float16,A100_80GB_PCIe,4,25,12.14945499936895,3110.2604798384514,5318.108511522041,1251.0898415002885,11401.267735600777,11777.067779173049,21051.646023499416,26579.53514850051,28010.790149220884,74.35935606078476,77.55591837333614,84.96666666666667,271.64691666666664,14.68,1.3110727555492652,1.3016069032388395,1.0072724355463016
M3,vllm,mistralai/Mixtral-8x7B-Instruct-v0.1,sparse_moe,12.9B,float16,A100_80GB_PCIe,4,50,12.207868957485434,3125.214453116271,10477.446978819979,6464.450064499033,20278.749488498215,21481.59498360841,25873.97615249938,33316.82975319891,33666.60843978025,74.36803461372192,76.05360992979993,84.79583333333333,266.55533333333335,14.68,1.304799347037343,1.3016069032388395,1.0024526942739467
M3,vllm,mistralai/Mixtral-8x7B-Instruct-v0.1,sparse_moe,12.9B,float16,A100_80GB_PCIe,4,5,4.7652525622269835,1219.9046559301078,136.14742661405035,111.7929659994843,154.2499809012952,788.4044911205635,7245.9667490002175,8010.44719450183,8287.10369407836,27.95075087254672,30.513378721960038,92.25819672131148,282.14944672131145,14.68,3.34270203655277,1.3016069032388395,2.56813484027704
